Age_band_of_driver,Sex_of_driver,Educational_level,Vehicle_driver_relation,Driving_experience,Type_of_vehicle,Area_accident_occured,Lanes_or_Medians,Types_of_Junction,Road_surface_type,Light_conditions,Weather_conditions,Type_of_collision,Number_of_vehicles_involved,Vehicle_movement,Pedestrian_movement,Cause_of_accident,Accident_severity
3,1,4,0,2,3,5,0,3,0,3,2,7,2,7,5,10,2
0,1,4,0,1,2,5,0,3,0,3,2,7,2,3,5,0,2
1,1,4,0,3,5,4,3,1,0,3,2,7,1,2,5,0,2
1,1,4,0,2,5,5,3,6,2,3,2,1,2,2,5,9,2
1,1,4,0,3,2,5,3,6,0,3,2,6,2,2,5,1,2
0,1,4,0,4,2,0,1,1,0,3,2,7,2,2,5,3,2
1,1,4,0,1,3,3,2,1,0,0,2,7,1,2,5,5,2
1,1,1,0,4,5,5,3,1,0,0,2,6,1,4,5,11,2
2,1,4,0,1,2,5,5,1,0,3,2,2,2,2,5,12,1
2,1,4,0,2,1,0,5,1,0,3,2,7,2,2,5,3,1
1,1,2,0,3,3,8,5,1,0,0,2,7,2,2,5,9,2
1,1,2,0,3,3,5,5,1,0,0,2,7,2,2,5,3,2
1,1,4,0,2,2,5,3,1,0,0,2,1,2,2,5,12,2
1,1,1,0,2,2,7,3,1,0,3,2,7,2,3,5,0,2
1,1,4,0,2,1,7,1,1,0,3,3,7,2,3,5,12,2
3,1,4,0,0,3,5,3,1,0,3,3,7,2,4,5,3,2
0,1,5,2,4,2,5,3,0,0,0,4,2,2,9,5,0,2
1,1,6,2,2,3,8,5,6,0,0,4,7,1,1,5,0,1
3,1,2,0,4,2,5,1,6,0,0,2,7,2,2,5,0,2
1,1,4,0,0,2,4,3,1,0,3,2,7,2,2,5,3,2
2,1,4,2,3,2,7,3,4,0,3,2,7,2,7,5,10,2
0,1,4,0,3,5,5,5,4,0,3,2,7,2,3,5,1,2
0,1,4,0,5,5,4,3,1,0,3,2,7,2,4,6,10,1
2,1,4,0,0,5,8,5,1,0,3,2,7,2,2,0,4,1
2,1,3,2,0,1,4,1,1,0,3,2,7,2,2,5,10,1
2,1,4,2,4,3,4,3,1,0,3,2,5,2,2,5,16,2
2,1,4,2,0,3,0,0,1,0,3,2,7,2,2,5,5,2
1,1,4,2,1,2,0,5,1,0,0,2,2,2,2,5,11,1
0,1,5,2,2,2,8,5,1,0,0,2,7,2,2,5,9,1
0,1,5,2,3,2,5,5,1,0,0,2,7,2,2,5,1,1
1,1,4,2,1,3,5,2,3,0,3,2,7,3,2,5,0,2
1,1,6,2,2,3,8,5,3,0,3,2,7,3,4,5,5,2
0,1,5,2,6,1,4,5,1,0,3,2,7,2,3,5,12,0
0,1,4,2,2,3,8,5,1,0,3,2,2,2,2,5,12,0
0,1,4,2,4,5,5,3,1,0,3,2,2,2,3,5,0,0
0,1,4,2,1,3,5,3,1,0,3,2,7,2,2,5,1,0
0,1,1,0,1,5,7,3,1,0,3,2,2,2,3,6,1,0
3,1,4,0,1,2,11,3,6,0,0,2,7,2,2,5,0,2
3,1,4,0,2,2,4,5,6,3,0,2,7,2,2,5,7,2
1,1,4,0,2,3,5,6,0,0,3,2,2,2,2,5,16,1
0,1,4,0,3,5,8,5,0,0,3,2,7,2,2,5,0,1
2,1,1,0,2,3,5,5,1,0,3,2,7,2,4,5,5,2
2,1,4,0,2,3,5,2,1,0,3,2,7,2,2,5,3,2
1,1,1,2,6,2,8,3,1,0,3,4,7,2,3,5,10,2
1,1,4,0,2,2,8,5,1,0,3,2,1,2,2,5,17,2
0,1,4,0,4,1,0,3,1,0,3,4,7,2,2,5,0,2
0,1,4,0,2,3,4,1,3,0,3,2,7,2,2,6,9,2
0,1,4,0,2,3,8,3,3,0,3,2,7,2,4,5,12,2
0,1,4,0,3,3,5,1,1,0,0,2,7,1,2,5,12,2
1,1,2,0,3,5,2,3,3,0,0,2,7,2,2,6,10,2
1,1,4,0,3,3,0,3,3,0,0,2,7,2,2,1,10,2
2,1,4,0,1,5,6,3,1,3,0,3,2,1,7,5,3,1
3,1,4,0,4,2,0,3,1,0,0,2,7,2,2,5,9,2
3,1,4,0,4,5,4,2,1,0,0,2,2,2,7,5,9,2
1,1,4,0,6,5,11,3,6,0,3,2,1,2,2,5,5,2
1,1,5,0,2,2,8,3,6,0,3,2,7,2,2,5,1,2
3,1,4,0,4,3,10,2,0,0,0,0,7,2,2,5,10,2
1,1,4,0,0,5,5,3,0,0,3,2,1,2,2,5,0,2
0,1,1,0,3,3,8,5,0,0,3,2,2,2,2,5,10,2
0,1,1,0,4,3,4,5,6,0,0,2,7,4,2,5,7,2
0,1,4,0,1,2,4,6,1,0,0,2,7,2,2,6,9,0
3,1,4,0,1,3,4,3,3,0,3,2,7,2,2,5,17,2
0,1,2,0,0,3,5,5,3,0,3,2,2,2,2,5,5,2
0,1,4,0,2,5,5,3,1,0,3,2,2,1,3,5,1,1
1,1,4,0,4,2,5,3,6,0,3,3,7,2,2,5,0,1
1,1,1,0,6,2,11,5,3,0,3,2,7,2,2,5,10,1
0,1,1,0,1,2,0,1,1,0,3,3,6,2,2,5,9,2
0,1,4,0,2,2,5,1,0,0,3,2,2,1,2,5,0,2
0,1,4,0,4,2,5,3,6,0,3,2,1,2,2,5,0,2
1,1,2,0,3,3,5,3,6,0,3,2,7,2,2,5,12,2
1,1,1,2,2,5,4,5,6,0,3,2,7,2,2,0,1,2
1,1,1,0,4,1,4,4,6,0,3,2,7,2,2,5,1,2
0,1,1,2,2,5,4,1,1,0,0,2,7,2,2,5,0,2
1,1,4,0,1,5,8,3,6,0,0,2,7,1,9,5,1,1
0,1,4,0,2,3,5,3,0,0,3,4,2,2,7,5,3,2
1,1,2,0,0,3,4,1,0,0,3,4,6,2,4,1,10,2
3,1,1,2,1,2,8,1,4,0,0,2,1,2,2,5,12,2
3,1,4,0,2,2,4,5,4,0,0,2,7,2,9,5,12,2
3,1,4,0,4,3,8,5,4,0,0,2,7,2,4,5,0,2
3,1,4,0,2,2,4,5,4,0,0,2,1,2,2,5,9,2
3,1,2,0,3,5,8,1,4,0,0,2,1,2,2,5,3,2
0,1,1,0,0,1,5,3,3,0,3,2,7,2,2,5,1,2
1,1,0,0,0,2,4,3,6,0,0,2,7,2,2,5,1,2
1,1,4,0,3,5,8,3,6,0,0,2,7,2,9,5,4,2
3,1,4,0,2,1,5,5,6,0,3,2,7,2,3,5,12,1
0,1,4,0,1,3,0,5,1,0,0,2,7,2,2,5,0,2
1,1,4,0,1,3,5,1,1,0,3,2,7,2,7,5,12,2
0,1,4,0,3,3,4,5,1,0,3,2,7,2,7,5,12,2
0,1,0,2,0,5,8,3,6,0,3,3,7,2,2,5,4,2
1,1,4,0,0,5,8,3,0,0,0,6,7,2,2,5,3,1
1,1,4,0,2,1,4,3,0,0,0,6,7,2,2,5,1,1
1,1,4,0,3,3,5,5,6,0,0,2,7,2,2,5,0,2
3,1,4,2,2,3,5,2,1,0,3,2,7,2,3,5,3,2
1,1,1,0,1,1,4,1,1,0,3,2,7,2,3,5,3,2
0,1,4,0,1,2,8,3,0,0,0,3,2,2,2,5,5,2
0,1,4,0,4,2,5,3,0,0,0,3,7,2,4,1,3,2
0,1,4,0,1,2,8,5,1,0,3,7,7,2,2,5,10,1
0,1,4,0,1,1,0,3,1,0,3,7,7,2,4,5,3,1
0,1,1,0,2,3,8,3,1,0,3,7,7,2,2,5,4,1
3,1,4,0,1,3,5,1,6,0,3,2,7,2,2,1,3,1
1,1,0,0,1,3,0,3,1,0,3,2,7,2,2,5,12,2
0,1,4,0,3,5,4,5,1,0,0,0,7,3,4,5,9,2
0,1,4,0,4,5,6,3,1,0,0,0,1,3,2,5,10,2
0,1,4,0,4,5,4,2,1,0,0,4,7,1,2,5,0,2
2,1,0,0,0,1,4,2,1,0,0,2,7,2,7,5,9,2
0,1,4,0,4,3,4,5,1,0,0,2,2,2,2,5,0,2
1,1,2,0,4,2,8,3,1,0,3,2,7,3,4,5,12,2
1,1,2,0,4,5,4,2,1,0,3,2,7,3,2,5,1,2
1,1,2,0,1,5,5,3,1,0,0,2,7,2,2,5,10,2
0,1,4,0,3,3,8,5,1,0,0,2,7,2,9,5,7,2
1,1,4,0,3,2,4,5,1,0,0,2,7,1,2,5,11,1
1,1,4,0,2,3,4,5,1,0,3,2,2,2,2,5,0,1
0,1,4,0,0,3,8,5,1,0,3,2,7,2,7,5,10,1
1,1,4,0,4,2,4,5,1,0,3,2,7,2,2,5,10,2
0,1,2,0,1,2,4,6,1,0,3,2,7,2,2,5,1,2
1,1,1,0,1,5,5,3,6,0,0,2,7,2,2,5,9,2
0,1,1,2,2,2,5,3,6,0,0,2,2,2,2,5,10,2
1,1,4,0,2,2,11,5,4,0,0,4,7,2,2,6,3,2
0,1,2,0,2,3,8,5,6,0,3,3,7,1,2,5,3,2
3,1,4,0,3,2,0,1,1,0,3,4,2,1,2,5,3,2
3,1,4,0,1,2,5,1,6,0,3,2,7,2,2,5,0,2
2,1,1,0,2,5,4,5,1,0,3,4,7,2,7,5,1,2
1,1,4,0,2,1,4,4,1,0,3,4,7,2,2,5,5,2
0,1,4,0,3,5,8,5,0,0,3,2,7,2,2,5,1,2
1,1,4,0,1,5,4,1,0,0,3,2,2,2,2,5,0,2
3,1,4,2,3,5,8,3,1,0,0,2,7,3,2,5,9,2
3,1,4,0,1,3,4,5,1,0,0,2,7,3,2,5,10,2
2,1,1,1,2,3,5,3,1,0,0,2,7,3,2,5,1,2
2,1,4,0,2,2,8,1,1,0,0,2,7,3,4,5,4,1
2,1,4,0,2,4,4,5,1,0,0,2,7,2,2,5,9,2
1,1,1,0,0,3,4,3,1,0,0,2,7,2,4,5,16,2
2,1,2,2,1,5,2,5,6,0,3,2,7,3,2,5,5,2
2,1,4,0,0,5,4,3,0,0,3,2,7,1,2,5,10,2
0,1,0,2,1,2,8,3,1,0,3,2,7,3,2,5,0,2
2,1,1,2,1,3,0,5,6,0,3,2,7,2,3,5,10,2
2,1,4,0,0,3,8,5,6,0,3,2,2,2,2,5,2,2
1,1,4,0,4,3,5,5,1,0,3,2,6,2,9,5,12,2
1,1,4,0,1,2,5,4,6,0,0,4,7,1,2,5,10,2
0,1,4,0,2,2,0,4,1,0,0,3,7,2,2,5,18,2
0,1,4,0,3,5,5,4,1,0,0,3,7,2,2,5,10,2
2,1,1,0,1,2,0,4,6,0,3,2,7,1,2,5,1,2
0,1,1,2,3,2,0,3,6,0,3,4,7,2,2,5,10,2
1,1,4,0,0,2,5,5,6,0,3,4,1,2,2,5,0,2
0,1,4,0,2,2,5,5,6,0,3,2,6,3,2,5,3,2
1,1,4,0,1,1,11,2,6,0,3,2,7,3,2,5,1,2
1,1,4,0,1,3,5,3,6,0,3,2,7,3,4,5,10,2
3,1,5,0,6,3,8,5,0,0,0,2,2,2,4,5,0,2
3,1,1,0,2,2,5,2,1,0,3,2,7,2,3,6,12,2
1,1,4,0,2,3,5,5,1,0,3,2,7,2,4,5,10,2
2,1,4,0,3,4,5,1,6,0,3,2,1,2,2,5,10,2
1,1,4,0,2,2,1,5,6,0,3,2,7,2,2,5,1,2
0,1,1,0,2,2,8,5,1,0,3,2,6,2,2,5,17,2
0,1,1,0,0,3,5,3,1,0,3,2,2,2,2,5,12,2
0,1,1,0,2,3,5,2,1,0,3,2,7,2,2,5,5,2
1,1,1,0,1,3,4,0,1,0,3,2,2,3,2,5,9,2
0,1,4,0,3,5,4,0,1,0,0,2,7,3,2,5,5,2
2,1,4,0,3,2,5,0,1,0,0,2,6,3,2,5,3,2
0,1,1,0,4,3,4,3,1,0,0,2,6,3,2,5,10,2
3,1,1,0,2,3,4,6,6,0,3,2,1,2,2,5,12,1
0,1,1,0,1,2,5,5,1,0,3,2,7,2,2,5,5,2
2,1,1,0,3,2,8,6,1,0,3,2,7,2,2,5,1,2
2,1,1,0,1,2,8,3,1,0,3,2,1,2,2,5,1,2
3,1,4,0,3,3,0,3,0,0,0,2,1,2,2,5,1,2
3,1,4,0,4,3,5,3,0,0,0,2,7,2,9,5,1,2
1,1,4,0,1,3,8,3,0,0,0,2,7,2,3,1,9,2
0,1,1,0,2,3,5,5,6,0,3,2,7,2,2,5,10,2
1,1,1,0,2,6,8,5,6,0,3,2,2,2,2,5,15,2
0,1,1,0,6,3,5,3,6,0,0,2,2,2,2,5,3,2
2,1,4,0,0,1,5,3,6,0,0,2,7,2,3,6,10,2
2,1,5,0,2,2,5,5,0,0,3,2,1,2,2,5,10,2
0,1,1,2,0,2,5,0,0,0,3,2,7,2,2,5,10,2
1,1,4,0,2,3,8,3,3,0,3,2,7,2,2,5,1,1
0,1,4,0,1,5,7,5,3,0,3,2,7,2,4,5,10,1
1,1,4,0,1,2,5,2,6,0,0,2,7,1,4,5,12,1
3,1,4,0,2,5,4,5,6,0,0,4,7,2,2,1,0,1
0,1,4,2,4,2,5,5,6,0,0,4,2,2,7,5,9,1
1,1,2,0,4,2,4,5,1,0,3,2,2,1,2,5,3,2
1,1,4,0,6,3,4,1,0,0,3,2,7,4,2,5,0,2
1,1,4,0,4,1,4,5,0,0,3,2,7,4,2,5,11,2
1,1,4,0,1,1,5,5,0,0,3,2,7,4,2,5,10,2
1,1,4,0,1,3,5,0,0,0,3,2,7,4,3,5,10,2
1,1,1,0,2,3,8,2,6,0,0,4,7,1,2,5,10,1
1,1,5,2,2,2,7,5,6,0,0,4,7,1,2,1,6,1
0,1,4,0,2,2,5,2,6,0,0,4,7,2,2,5,9,2
0,1,4,2,2,2,8,2,6,0,0,4,7,2,2,5,11,2
2,1,3,0,1,3,5,2,6,0,3,2,7,1,3,5,0,2
2,1,4,0,2,3,5,2,6,0,3,2,5,2,2,5,0,2
1,1,4,0,4,2,5,1,6,0,3,2,7,2,2,5,7,2
2,1,4,0,0,2,5,3,1,0,3,4,2,1,3,5,10,1
2,1,1,0,1,5,5,2,1,0,3,4,7,1,3,5,1,1
1,1,1,0,1,5,11,5,1,0,3,2,7,2,2,5,1,2
2,1,1,0,2,5,4,3,1,0,3,2,7,2,9,5,9,2
1,1,4,0,2,3,4,3,1,0,0,2,7,2,9,5,2,2
3,1,4,0,3,3,11,6,1,0,0,3,7,1,2,5,1,2
1,1,4,0,2,2,11,3,1,0,3,2,2,2,2,5,10,2
0,1,4,0,3,1,8,5,6,0,3,2,7,2,2,5,17,2
3,1,4,0,1,2,5,5,6,0,3,2,7,2,2,5,1,2
0,1,1,0,1,2,5,5,6,0,3,2,7,2,2,5,9,2
2,1,2,2,3,0,2,5,1,0,0,2,7,2,2,5,10,2
0,1,1,0,0,2,7,5,1,0,0,2,7,2,2,5,17,2
0,1,4,0,3,3,0,3,6,0,3,2,7,2,2,5,3,2
1,1,4,2,2,1,5,3,4,0,3,2,7,3,2,5,2,2
1,1,0,0,2,5,4,5,4,0,3,2,2,3,2,6,0,2
3,1,4,0,3,1,5,3,4,0,0,2,7,2,2,5,10,2
0,1,4,0,0,5,8,5,4,0,0,2,7,2,3,5,9,2
1,1,4,0,1,3,4,2,6,0,3,2,7,2,2,5,11,2
1,1,4,0,4,3,8,2,6,0,3,2,7,2,3,5,9,2
1,1,4,0,3,3,11,3,6,0,3,4,7,2,3,5,9,2
2,1,4,0,0,3,4,3,6,0,3,4,7,2,2,5,16,2
1,1,4,0,2,3,5,5,6,0,0,2,7,2,2,5,1,2
1,1,4,0,0,5,4,3,1,0,0,2,7,2,4,5,1,1
3,1,4,0,3,2,4,5,6,0,3,2,7,2,5,5,11,2
1,1,4,2,1,3,5,0,6,0,3,2,7,2,7,5,10,2
1,1,4,0,2,3,5,3,6,0,3,2,7,2,2,5,12,2
1,1,4,0,1,2,0,6,6,0,3,2,1,2,4,5,10,2
1,1,4,0,0,5,11,5,6,1,3,2,2,2,3,5,10,2
2,1,4,0,1,3,4,5,1,0,2,3,7,2,4,5,1,2
0,1,4,0,1,2,5,0,1,0,0,2,7,2,3,5,16,2
0,1,4,0,1,5,4,3,3,0,0,2,7,3,2,5,14,2
0,1,4,0,2,5,5,3,3,0,0,2,2,3,1,5,1,2
2,1,2,0,0,5,8,6,6,0,0,2,6,2,2,5,0,2
0,1,0,0,0,2,4,5,6,0,0,2,7,2,2,5,12,2
2,1,4,0,3,2,7,2,6,0,3,2,2,1,3,5,1,2
1,1,2,0,3,2,8,5,1,0,3,2,7,2,3,5,12,2
1,1,1,0,2,1,8,2,1,0,3,2,7,2,2,5,13,2
3,1,2,0,2,2,8,5,1,0,3,2,7,2,2,1,0,2
1,1,2,0,1,3,8,2,1,0,3,2,7,2,2,5,3,2
2,1,0,0,3,1,4,0,6,0,3,2,6,2,2,7,12,2
3,2,1,0,2,3,4,5,1,0,0,2,1,2,2,5,1,2
1,1,1,0,0,3,4,1,1,0,3,2,7,4,2,5,1,2
3,1,4,0,6,3,4,5,1,0,3,2,7,4,2,5,2,2
3,1,4,0,2,2,5,1,3,0,3,2,7,2,2,5,7,2
2,1,2,0,1,5,0,5,3,0,3,2,7,2,7,5,13,2
1,1,4,0,0,2,7,2,3,0,3,2,7,2,2,5,13,2
1,1,4,0,0,5,2,5,1,0,0,2,7,2,7,5,10,2
0,1,4,0,0,3,3,5,1,0,3,2,7,2,4,5,10,2
0,1,4,0,3,2,2,2,1,0,3,2,7,2,2,5,3,2
0,1,4,2,2,2,8,4,6,0,3,2,7,4,2,5,1,2
1,1,2,0,0,2,8,5,6,0,3,2,7,4,3,5,16,2
2,1,4,0,3,5,5,5,6,0,3,2,7,4,2,5,13,2
0,1,4,0,0,5,8,2,6,0,3,2,7,4,2,5,4,2
1,1,4,0,1,5,4,0,0,0,3,2,7,2,4,5,1,2
1,1,1,0,2,3,8,2,3,0,3,2,2,1,2,5,0,2
3,1,1,0,2,2,0,2,1,0,3,2,7,2,3,5,11,2
0,1,4,0,0,5,4,5,1,0,3,2,7,2,3,5,16,2
3,1,4,0,2,2,4,3,1,0,3,2,7,2,4,5,12,2
0,1,4,0,0,5,5,5,6,0,3,2,7,2,2,5,1,2
0,1,4,0,2,2,8,3,1,0,3,2,7,1,2,5,3,1
0,1,4,0,2,2,5,5,6,0,3,2,7,3,2,5,1,2
2,1,4,2,2,2,5,3,6,0,3,2,7,3,2,5,0,2
0,1,5,2,2,3,5,5,6,0,3,2,7,3,2,5,17,2
0,1,4,0,2,5,5,0,6,0,3,2,7,2,2,5,3,2
3,1,2,0,1,2,5,3,6,0,3,2,7,2,4,5,10,2
0,1,0,0,2,3,0,3,1,0,0,2,1,1,2,5,3,1
0,1,4,0,3,5,5,5,1,0,0,2,7,1,5,5,0,1
2,1,4,0,4,1,2,3,0,0,3,7,7,2,2,5,12,2
1,1,1,0,2,5,8,0,0,0,3,7,7,2,2,5,1,2
0,1,1,0,1,3,5,3,1,0,3,2,7,2,2,5,10,1
1,1,4,0,1,3,4,3,1,0,3,2,2,2,10,5,9,1
1,1,4,0,0,2,2,6,1,0,3,2,7,2,2,5,9,1
0,1,4,0,1,2,5,3,1,0,3,2,7,2,2,5,10,2
0,1,4,0,3,3,1,3,1,0,3,2,7,2,2,5,10,2
2,1,2,0,4,3,4,1,1,0,3,2,7,2,9,5,11,2
2,1,4,0,1,3,0,5,1,0,0,2,7,2,2,5,3,2
1,1,2,0,3,2,1,5,1,0,0,2,7,2,2,5,1,2
3,1,4,0,3,2,4,2,6,0,3,4,2,3,3,5,0,2
0,1,2,0,2,2,5,3,6,0,3,4,7,3,2,5,3,2
0,1,4,0,3,6,4,5,6,0,3,4,7,3,3,5,3,2
1,1,1,0,1,5,4,5,1,0,3,2,6,2,2,5,1,2
0,1,1,1,2,5,8,5,1,0,3,2,7,2,2,5,1,1
0,1,4,0,2,2,5,3,1,0,3,2,7,2,10,5,10,1
1,1,2,2,2,3,4,0,1,0,3,2,2,2,2,5,10,1
1,1,4,0,3,3,4,5,6,0,3,2,7,1,2,5,17,1
1,1,4,0,4,3,4,2,1,0,0,2,7,3,2,5,2,2
2,1,4,1,4,3,5,3,1,2,0,2,7,3,2,5,12,2
1,1,4,0,3,2,0,5,1,0,0,2,2,3,2,5,11,2
0,1,2,2,2,5,2,5,1,0,0,2,2,3,2,5,12,2
1,1,1,2,2,5,4,0,1,0,0,2,7,3,8,5,13,2
1,1,4,0,1,5,4,5,1,0,3,4,2,2,1,5,9,2
1,1,0,0,2,2,4,2,6,0,0,2,2,2,3,1,10,2
1,1,4,2,1,3,8,3,6,0,0,2,7,2,3,5,9,2
0,1,4,0,1,3,8,5,1,0,3,2,7,3,9,5,3,1
0,1,4,0,2,2,4,0,1,0,3,2,2,3,2,5,10,1
0,1,4,0,1,3,4,0,1,0,3,2,7,3,2,5,13,1
0,1,1,0,0,3,5,3,1,0,3,2,7,3,10,5,1,1
0,1,2,0,6,1,5,3,1,0,3,2,7,3,2,5,10,1
0,1,4,0,0,2,0,0,6,0,3,2,7,2,8,5,12,2
2,1,1,0,3,5,8,0,6,0,3,2,1,2,2,5,1,2
0,1,4,0,1,5,4,3,1,0,3,2,7,2,3,5,11,2
3,1,4,0,1,3,4,3,1,0,3,2,7,2,1,5,12,2
1,1,4,0,1,3,8,3,4,0,3,2,7,2,2,5,0,2
3,1,1,0,1,5,5,3,1,0,3,2,2,2,9,5,4,2
1,1,4,0,1,5,4,3,1,0,3,2,7,2,3,5,3,2
1,1,1,0,2,5,5,3,1,0,3,2,7,2,2,5,4,2
0,1,1,0,1,3,5,3,1,0,3,2,7,2,3,5,3,2
3,1,4,2,1,3,5,1,1,0,3,2,7,2,2,5,3,1
1,1,4,0,1,5,4,1,2,0,3,2,7,2,2,5,3,2
3,1,4,0,2,5,2,3,2,0,3,2,7,2,2,5,3,2
0,1,2,1,3,5,5,6,1,0,3,2,7,2,2,5,1,2
1,1,4,0,0,1,2,6,1,0,3,2,6,2,4,5,16,2
0,1,2,2,6,2,7,1,1,0,3,2,7,3,2,5,1,2
3,1,4,0,1,3,3,5,1,0,3,2,6,3,2,5,10,2
3,1,4,0,2,3,5,3,1,0,3,2,7,3,1,5,13,2
1,1,4,0,1,3,5,3,1,0,3,2,7,3,2,5,1,2
3,1,4,0,3,5,2,3,6,0,3,2,7,2,2,5,1,2
2,1,1,0,2,3,5,3,6,0,3,2,4,2,2,5,16,2
1,1,1,0,3,3,4,3,6,0,3,2,7,2,1,5,16,2
1,1,1,0,2,5,4,5,6,0,3,2,7,2,2,5,12,2
1,1,1,0,1,2,5,2,6,0,3,2,7,1,2,5,9,2
0,1,4,0,2,2,5,5,1,0,3,4,7,2,2,5,12,2
0,1,4,0,2,3,8,5,1,0,3,2,7,2,2,5,1,2
2,1,4,0,2,3,0,5,6,0,3,2,6,1,2,5,1,2
2,1,0,0,2,3,4,0,1,0,3,2,2,1,2,5,1,2
0,1,4,0,3,2,0,2,6,0,3,4,7,2,7,5,4,1
1,1,1,0,1,3,5,3,6,0,3,4,7,2,4,5,0,1
1,1,4,0,2,3,4,3,1,0,3,2,7,3,2,5,9,2
0,1,4,0,6,2,5,2,1,0,3,4,7,1,2,5,10,1
1,1,4,0,6,3,4,5,6,0,0,2,6,2,2,5,13,2
1,1,4,0,0,3,5,5,6,0,0,2,6,2,2,5,12,2
0,1,0,2,2,3,5,3,1,0,3,4,1,1,2,5,1,2
1,1,4,2,2,2,5,0,6,0,3,4,7,2,2,5,10,2
0,1,2,0,1,2,0,2,1,0,3,2,7,2,3,5,3,2
1,1,4,0,3,3,4,3,1,0,3,2,1,2,3,5,10,2
0,1,4,0,4,6,4,3,1,0,3,2,1,2,9,1,9,2
0,1,4,0,1,3,8,5,1,0,0,2,7,1,2,5,11,2
0,1,1,0,5,2,5,2,0,0,3,2,7,3,4,5,10,2
0,1,4,0,3,5,4,6,0,0,3,2,2,3,4,5,13,2
1,1,4,0,3,3,5,3,1,0,3,2,2,1,4,5,9,2
2,1,4,2,2,5,0,3,3,0,3,2,7,2,9,5,11,2
1,1,4,0,4,2,4,6,3,0,3,2,7,2,2,5,10,2
0,1,4,0,1,2,5,3,6,0,3,2,2,2,2,5,11,2
1,1,4,0,6,1,8,0,6,0,3,2,2,2,2,5,3,2
1,1,0,0,0,1,4,3,1,0,3,2,7,2,2,5,7,2
0,1,4,0,0,2,4,5,1,0,3,2,7,2,2,5,3,2
0,1,5,0,2,3,0,6,6,0,3,2,7,2,2,5,12,2
0,1,4,0,3,3,4,3,4,0,3,2,7,3,2,5,1,1
1,1,4,0,3,2,4,3,4,0,3,2,7,3,2,5,1,1
3,1,4,0,2,2,4,3,4,0,3,2,7,3,4,5,10,1
0,1,4,0,1,3,4,3,0,0,3,2,7,4,2,5,10,2
0,1,4,0,4,5,5,3,0,0,3,2,7,4,2,5,0,2
0,1,4,0,0,5,8,0,0,0,3,2,7,4,3,5,1,2
0,1,4,0,2,2,0,5,0,0,3,2,7,4,2,5,12,2
0,1,4,0,4,2,5,3,0,0,3,2,7,4,3,5,0,2
1,1,1,0,2,5,5,3,0,0,3,2,7,2,2,5,10,2
0,1,4,0,0,2,0,2,1,0,0,2,7,1,4,5,10,2
0,1,2,0,4,5,0,5,1,0,0,2,2,1,4,5,0,2
0,1,1,0,3,3,5,3,1,0,0,2,7,1,8,5,12,2
0,1,2,2,0,2,5,1,6,0,3,2,1,2,4,5,2,2
0,1,5,0,2,2,5,5,0,0,3,2,2,2,4,5,13,2
0,1,2,2,1,5,4,5,0,0,3,2,7,2,2,5,0,2
1,1,2,0,3,2,0,3,1,0,3,2,7,1,2,5,11,1
2,1,4,0,0,2,4,3,6,0,3,2,7,2,2,5,0,1
2,1,1,0,0,6,4,5,6,0,3,2,7,2,2,5,10,1
2,1,2,0,0,5,5,5,6,0,3,2,7,2,2,5,9,1
1,1,4,0,2,2,8,2,1,0,3,2,7,1,2,5,10,1
1,1,1,2,2,2,8,3,1,3,3,2,2,2,2,5,9,1
2,1,1,0,2,3,5,0,1,0,3,2,7,2,2,5,10,1
1,1,2,2,2,3,1,1,1,0,3,2,7,1,2,5,0,2
3,1,4,0,2,3,5,5,6,0,3,2,7,2,7,5,0,2
3,1,4,2,0,2,5,5,6,0,3,2,7,2,2,5,11,2
3,1,4,0,1,3,7,1,6,0,3,2,7,2,4,5,0,2
0,1,4,2,3,3,5,5,1,0,3,0,7,2,1,5,3,2
0,1,2,2,1,2,4,3,6,0,3,2,7,1,2,5,7,2
0,1,1,0,1,2,8,3,1,0,0,2,7,2,2,5,0,2
3,1,1,0,2,1,5,5,1,0,3,2,7,2,9,5,12,2
0,1,4,0,2,1,0,5,1,0,3,2,7,1,0,5,11,1
3,1,1,0,3,2,11,2,3,0,0,2,7,2,0,5,12,2
0,1,4,0,1,2,4,5,1,0,0,2,7,2,0,5,1,2
0,1,1,2,0,3,8,2,1,0,0,2,7,2,9,5,0,2
0,1,4,2,2,5,2,1,1,0,0,2,6,2,0,5,9,2
0,1,4,0,1,3,5,5,1,0,0,2,2,2,0,5,3,2
0,1,2,0,1,4,7,3,1,0,3,2,7,3,0,5,4,2
1,1,4,0,1,3,6,3,0,0,2,4,7,2,4,5,0,2
1,1,4,0,0,3,6,3,0,0,2,4,7,2,2,5,1,2
1,1,4,0,1,2,6,5,0,0,3,2,7,2,2,5,3,2
3,1,4,0,2,2,6,5,0,0,3,2,6,2,4,5,10,2
0,1,4,0,0,5,6,2,6,0,3,0,6,1,2,5,7,2
0,1,1,0,0,5,11,2,6,0,3,0,1,1,2,5,5,2
1,1,4,0,1,2,6,3,1,0,3,2,7,2,2,5,1,2
3,1,4,0,3,2,6,5,1,0,3,2,7,2,2,5,3,2
0,1,4,0,4,5,6,3,1,0,3,2,7,1,2,5,9,2